utilisateur_1@example.com,$2y$12$WUMV27IShlBtZop0JxtbRO7q87cSHLy28EP6qdV2eF.wwX2F5dH9m,Nom_1,Prenom_1,3,$2y$12$WhIVIb8dpWFMlta9hOG0zeubIw1YbH.ddwriSdK69zCDxGKRT1lJa
utilisateur_2@example.com,$2y$12$WUMV27IShlBtZop0JxtbRO7q87cSHLy28EP6qdV2eF.wwX2F5dH9m,Nom_2,Prenom_2,1,$2y$12$WhIVIb8dpWFMlta9hOG0zeubIw1YbH.ddwriSdK69zCDxGKRT1lJa
utilisateur_3@example.com,$2y$12$WUMV27IShlBtZop0JxtbRO7q87cSHLy28EP6qdV2eF.wwX2F5dH9m,Nom_3,Prenom_3,10,$2y$12$WhIVIb8dpWFMlta9hOG0zeubIw1YbH.ddwriSdK69zCDxGKRT1lJa
utilisateur_4@example.com,$2y$12$WUMV27IShlBtZop0JxtbRO7q87cSHLy28EP6qdV2eF.wwX2F5dH9m,Nom_4,Prenom_4,3,$2y$12$WhIVIb8dpWFMlta9hOG0zeubIw1YbH.ddwriSdK69zCDxGKRT1lJa
utilisateur_5@example.com,$2y$12$WUMV27IShlBtZop0JxtbRO7q87cSHLy28EP6qdV2eF.wwX2F5dH9m,Nom_5,Prenom_5,1,$2y$12$WhIVIb8dpWFMlta9hOG0zeubIw1YbH.ddwriSdK69zCDxGKRT1lJa
utilisateur_6@example.com,$2y$12$WUMV27IShlBtZop0JxtbRO7q87cSHLy28EP6qdV2eF.wwX2F5dH9m,Nom_6,Prenom_6,10,$2y$12$WhIVIb8dpWFMlta9hOG0zeubIw1YbH.ddwriSdK69zCDxGKRT1lJa
utilisateur_7@example.com,$2y$12$WUMV27IShlBtZop0JxtbRO7q87cSHLy28EP6qdV2eF.wwX2F5dH9m,Nom_7,Prenom_7,4,$2y$12$WhIVIb8dpWFMlta9hOG0zeubIw1YbH.ddwriSdK69zCDxGKRT1lJa
utilisateur_8@example.com,$2y$12$WUMV27IShlBtZop0JxtbRO7q87cSHLy28EP6qdV2eF.wwX2F5dH9m,Nom_8,Prenom_8,7,$2y$12$WhIVIb8dpWFMlta9hOG0zeubIw1YbH.ddwriSdK69zCDxGKRT1lJa
utilisateur_9@example.com,$2y$12$WUMV27IShlBtZop0JxtbRO7q87cSHLy28EP6qdV2eF.wwX2F5dH9m,Nom_9,Prenom_9,3,$2y$12$WhIVIb8dpWFMlta9hOG0zeubIw1YbH.ddwriSdK69zCDxGKRT1lJa
utilisateur_10@example.com,$2y$12$WUMV27IShlBtZop0JxtbRO7q87cSHLy28EP6qdV2eF.wwX2F5dH9m,Nom_10,Prenom_10,3,$2y$12$WhIVIb8dpWFMlta9hOG0zeubIw1YbH.ddwriSdK69zCDxGKRT1lJa
utilisateur_11@example.com,$2y$12$WUMV27IShlBtZop0JxtbRO7q87cSHLy28EP6qdV2eF.wwX2F5dH9m,Nom_11,Prenom_11,10,$2y$12$WhIVIb8dpWFMlta9hOG0zeubIw1YbH.ddwriSdK69zCDxGKRT1lJa
utilisateur_12@example.com,$2y$12$WUMV27IShlBtZop0JxtbRO7q87cSHLy28EP6qdV2eF.wwX2F5dH9m,Nom_12,Prenom_12,3,$2y$12$WhIVIb8dpWFMlta9hOG0zeubIw1YbH.ddwriSdK69zCDxGKRT1lJa
utilisateur_13@example.com,$2y$12$WUMV27IShlBtZop0JxtbRO7q87cSHLy28EP6qdV2eF.wwX2F5dH9m,Nom_13,Prenom_13,6,$2y$12$WhIVIb8dpWFMlta9hOG0zeubIw1YbH.ddwriSdK69zCDxGKRT1lJa
utilisateur_14@example.com,$2y$12$WUMV27IShlBtZop0JxtbRO7q87cSHLy28EP6qdV2eF.wwX2F5dH9m,Nom_14,Prenom_14,1,$2y$12$WhIVIb8dpWFMlta9hOG0zeubIw1YbH.ddwriSdK69zCDxGKRT1lJa
utilisateur_15@example.com,$2y$12$WUMV27IShlBtZop0JxtbRO7q87cSHLy28EP6qdV2eF.wwX2F5dH9m,Nom_15,Prenom_15,10,$2y$12$WhIVIb8dpWFMlta9hOG0zeubIw1YbH.ddwriSdK69zCDxGKRT1lJa
utilisateur_16@example.com,$2y$12$WUMV27IShlBtZop0JxtbRO7q87cSHLy28EP6qdV2eF.wwX2F5dH9m,Nom_16,Prenom_16,5,$2y$12$WhIVIb8dpWFMlta9hOG0zeubIw1YbH.ddwriSdK69zCDxGKRT1lJa
utilisateur_17@example.com,$2y$12$WUMV27IShlBtZop0JxtbRO7q87cSHLy28EP6qdV2eF.wwX2F5dH9m,Nom_17,Prenom_17,3,$2y$12$WhIVIb8dpWFMlta9hOG0zeubIw1YbH.ddwriSdK69zCDxGKRT1lJa
utilisateur_18@example.com,$2y$12$WUMV27IShlBtZop0JxtbRO7q87cSHLy28EP6qdV2eF.wwX2F5dH9m,Nom_18,Prenom_18,3,$2y$12$WhIVIb8dpWFMlta9hOG0zeubIw1YbH.ddwriSdK69zCDxGKRT1lJa
utilisateur_19@example.com,$2y$12$WUMV27IShlBtZop0JxtbRO7q87cSHLy28EP6qdV2eF.wwX2F5dH9m,Nom_19,Prenom_19,7,$2y$12$WhIVIb8dpWFMlta9hOG0zeubIw1YbH.ddwriSdK69zCDxGKRT1lJa
utilisateur_20@example.com,$2y$12$WUMV27IShlBtZop0JxtbRO7q87cSHLy28EP6qdV2eF.wwX2F5dH9m,Nom_20,Prenom_20,6,$2y$12$WhIVIb8dpWFMlta9hOG0zeubIw1YbH.ddwriSdK69zCDxGKRT1lJa
